Constituency,Con,Lab,LD,UKIP,BNP,SNP,Green,SF,DUP,PC,SDLP,UCUNF,Ind,Others,"Valid
Votes","Rejected
Votes","Total
Polled","Winner
Votes","Winner
%","Winner
Party"
Norwich South,10902,13650,13960,1145,697,,7095,,,,,,,102,47551,436,47987,13960,0.2936,LD
Brighton Pavilion,12275,14986,7159,948,,,16238,,,,,,,228,51834,549,52383,16238,0.3133,Green
Argyll & Bute,10861,10274,14292,,,8563,789,,,,,,272,156,45207,324,45531,14292,0.3161,LD
Oldham East & Saddleworth,11773,14186,14083,1720,2546,,,,,,,,,212,44520,572,45092,14186,0.3186,Lab
"Grimsby, Great",10063,10777,7388,2043,1517,,,,,,,,835,331,32954,116,33070,10777,0.327,Lab
Hampstead & Kilburn,17290,17332,16491,408,328,,759,,,,,,91,123,52822,335,53157,17332,0.3281,Lab
Birmingham Hall Green,7320,16039,11988,950,,,,,,,,,190,12240,48727,1076,49803,16039,0.3292,Lab
Derby North,14283,14896,12638,829,2000,,,,,,,,264,170,45080,1022,46102,14896,0.3304,Lab
Ynys Mon,7744,11490,2592,1201,,,,,,9029,,,2225,163,34444,311,34755,11490,0.3336,Lab
Ashfield,10698,16239,16047,933,2781,,,,,,,,396,1102,48196,382,48578,16239,0.3369,Lab
Bradford East,10860,13272,13637,,1854,,,,,,,,612,222,40457,1117,41574,13637,0.3371,LD
Upper Bann,,,,,,,,10237,14000,,5276,10639,,1231,41383,366,41749,14000,0.3383,DUP
Antrim South,,,,,,,,4729,11536,,2955,10353,,4436,34009,151,34160,11536,0.3392,DUP
Northampton North,13735,11799,11250,1238,1316,,443,,,,,,392,98,40271,487,40758,13735,0.3411,Con
Plymouth Sutton & Devonport,15050,13901,10829,2854,,,904,,,,,,233,123,43894,601,44495,15050,0.3429,Con
Londonderry East,,,,,,,,6742,12097,,5399,6218,,4494,34950,176,35126,12097,0.3461,DUP
Swansea West,7407,12335,11831,716,910,,404,,,1437,,,374,179,35593,385,35978,12335,0.3466,Lab
Edinburgh South,9452,15215,14899,,,3354,881,,,,,,,,43801,303,44104,15215,0.3474,Lab
Luton South,12396,14725,9567,975,1299,,366,,,,,,2813,75,42216,363,42579,14725,0.3488,Lab
Watford,19291,14750,17866,1199,1217,,885,,,,,,,,55208,487,55695,19291,0.3494,Con
Dewsbury,18898,17372,9150,,3265,,849,,,,,,3813,661,54008,657,54665,18898,0.3499,Con
Carmarthen East & Dinefwr,8506,10065,4609,1285,,,,,,13546,,,,,38011,369,38380,13546,0.3564,PC
Burnley,6950,13114,14932,929,3747,,,,,,,,2173,,41845,593,42438,14932,0.3568,LD
Warrington South,19641,18088,15094,1624,,,427,,,,,,,,54874,687,55561,19641,0.3579,Con
Aberconwy,10734,7336,5786,632,,,,,,5341,,,,137,29966,177,30143,10734,0.3582,Con
Edinburgh West,10767,12881,16684,,,6115,,,,,,,,,46447,320,46767,16684,0.3592,LD
Arfon,4416,7928,3666,685,,,,,,9383,,,,,26078,270,26348,9383,0.3598,PC
Gordon,9111,9811,17575,,699,10827,752,,,,,,,,48775,333,49108,17575,0.3603,LD
Lancaster & Fleetwood,15404,15071,8167,1020,938,,1888,,,,,,213,,42701,465,43166,15404,0.3607,Con
Bridgend,11668,13931,8658,801,1020,,,,,2269,,,,,38347,208,38555,13931,0.3633,Lab
Rochdale,8305,16699,15810,1999,,,,,,,,,313,2781,45907,506,46413,16699,0.3638,Lab
Aberdeen South,8914,15722,12216,,529,5102,413,,,,,,,138,43034,394,43428,15722,0.3653,Lab
Bristol East,12749,16471,10993,1510,1960,,803,,,,,,,531,45017,370,45387,16471,0.3659,Lab
Hove,18294,16426,11240,1206,,,2568,,,,,,85,,49819,553,50372,18294,0.3672,Con
Southampton Itchen,16134,16326,9256,1928,,,600,,,,,,,168,44412,520,44932,16326,0.3676,Lab
Thurrock,16869,16777,4901,3390,3618,,,,,,,,,266,45821,577,46398,16869,0.3681,Con
Wrexham,8375,12161,8503,774,1134,,,,,2029,,,,,32976,277,33253,12161,0.3688,Lab
Wyre Forest,18793,7298,6040,1498,1120,,,,,,,,,16150,50899,158,51057,18793,0.3692,Con
Colne Valley,20440,14589,15603,1163,1893,,867,,,,,,,741,55296,464,55760,20440,0.3696,Con
Newport East,7918,12744,11094,677,1168,,,,,724,,,,123,34448,248,34696,12744,0.3699,Lab
Walsall North,12395,13385,4754,1737,2930,,,,,,,,,986,36187,482,36669,13385,0.3699,Lab
Plymouth Moor View,13845,15433,7016,3188,1438,,398,,,,,,,208,41526,603,42129,15433,0.3716,Lab
Belfast East,,,,,,,,817,11306,,365,7305,,14695,34488,170,34658,12839,0.3723,All
Brentford & Isleworth,20022,18064,12718,863,704,,787,,,,,,68,539,53765,1249,55014,20022,0.3724,Con
Nottingham South,13437,15209,9406,967,1140,,630,,,,,,,,40789,472,41261,15209,0.3729,Lab
Halifax,14806,16278,8335,654,2760,,,,,,,,,722,43555,1005,44560,16278,0.3737,Lab
Edinburgh North & Leith,7079,17740,16016,,,4568,1062,,,,,,128,763,47356,298,47654,17740,0.3746,Lab
Cardiff North,17860,17666,8724,1130,,,362,,,1588,,,,300,47630,310,47940,17860,0.375,Con
Lincoln,17163,16105,9256,1004,1367,,,,,,,,222,604,45721,367,46088,17163,0.3754,Con
Camborne & Redruth,15969,6945,15903,2152,,,581,,,,,,,943,42493,315,42808,15969,0.3758,Con
Morley & Outwood,17264,18365,8186,1506,3535,,,,,,,,,,48856,242,49098,18365,0.3759,Lab
Penistone & Stocksbridge,14516,17565,9800,1936,2207,,,,,,,,,492,46516,558,47074,17565,0.3776,Lab
Dundee East,6177,13529,4285,431,,15350,542,,,,,,,254,40568,326,40894,15350,0.3784,SNP
Ochil & South Perthshire,10342,19131,5754,689,,13944,609,,,,,,,,50469,283,50752,19131,0.3791,Lab
Don Valley,12877,16472,7422,1904,2112,,,,,,,,877,1756,43420,298,43718,16472,0.3794,Lab
Newcastle-under-Lyme,14841,16393,8466,3491,,,,,,,,,,,43191,777,43968,16393,0.3795,Lab
Brighton Kemptown,16217,14889,7691,1384,,,2330,,,,,,,194,42705,511,43216,16217,0.3797,Con
Bristol North West,19115,13059,15841,1175,,,511,,,,,,,635,50336,452,50788,19115,0.3797,Con
Ealing Central & Acton,17944,14228,13041,765,,,737,,,,,,,485,47200,399,47599,17944,0.3802,Con
"Dumfriesshire, Clydesdale & Tweeddale",17457,13263,9080,637,,4945,510,,,,,,,,45892,191,46083,17457,0.3804,Con
Derbyshire North East,15503,17948,10947,2636,,,,,,,,,,,47034,415,47449,17948,0.3816,Lab
Exeter,17221,19942,10581,1930,673,,792,,,,,,,1108,52247,488,52735,19942,0.3817,Lab
Leicester West,9728,13745,8107,883,2158,,639,,,,,,289,270,35819,511,36330,13745,0.3837,Lab
Clwyd South,10477,13311,5965,819,1100,,,,,3009,,,,,34681,264,34945,13311,0.3838,Lab
Aberdeenshire West & Kincardine,13678,6159,17362,397,513,7086,,,,,,,,,45195,255,45450,17362,0.3842,LD
Gower,13333,16016,7947,652,963,,,,,2760,,,,,41671,459,42130,16016,0.3843,Lab
Bristol South,11086,18600,13866,1264,1739,,1216,,,,,,,606,48377,506,48883,18600,0.3845,Lab
Pudsey,18874,17215,10224,1221,1549,,,,,,,,,,49083,218,49301,18874,0.3845,Con
Southampton Test,14588,17001,9865,1726,,,881,,,,,,126,,44187,291,44478,17001,0.3848,Lab
Bolton West,18235,18327,8177,1901,,,545,,,,,,254,137,47576,333,47909,18327,0.3852,Lab
Weaver Vale,16953,15962,8196,1018,1063,,338,,,,,,460,,43990,187,44177,16953,0.3854,Con
Birmingham Selly Oak,14468,17950,10371,1131,1820,,664,,,,,,,159,46563,432,46995,17950,0.3855,Lab
Amber Valley,17746,17210,6636,906,3195,,,,,,,,,265,45958,444,46402,17746,0.3861,Con
Dudley North,14274,14923,4066,3267,1899,,,,,,,,,173,38602,458,39060,14923,0.3866,Lab
Telford,14996,15974,6399,2428,1513,,,,,,,,,,41310,597,41907,15974,0.3867,Lab
Dunbartonshire East,7431,16367,18551,545,,5054,,,,,,,,,47948,519,48467,18551,0.3869,LD
Mansfield,12741,18753,7469,2985,2108,,,,,,,,,4339,48395,250,48645,18753,0.3875,Lab
Stoke-on-Trent South,11316,15446,6323,1363,3762,,,,,,,,434,1208,39852,350,40202,15446,0.3876,Lab
Pontypridd,5932,14220,11435,1229,,,361,,,2673,,,,821,36671,411,37082,14220,0.3878,Lab
Huddersfield,11253,15725,10023,,1563,,1641,,,,,,,319,40524,430,40954,15725,0.388,Lab
Stoke-on-Trent Central,6833,12605,7039,1402,2502,,,,,,,,1254,835,32470,350,32820,12605,0.3882,Lab
Pendle,17512,13927,9095,1476,2894,,,,,,,,,141,45045,688,45733,17512,0.3888,Con
Bedford,17546,16193,8957,1136,757,,393,,,,,,120,,45102,579,45681,17546,0.389,Con
Cardiff South & Penarth,12553,17262,9875,1145,,,554,,,1851,,,648,481,44369,474,44843,17262,0.3891,Lab
Stockton South,19577,19245,7600,1471,1553,,,,,,,,536,302,50284,482,50766,19577,0.3893,Con
Bishop Auckland,10805,16023,9189,1119,2036,,,,,,,,,1964,41136,458,41594,16023,0.3895,Lab
Chesterfield,7214,17891,17342,1432,,,600,,,,,,147,1213,45839,375,46214,17891,0.3903,Lab
Broxtowe,20585,20196,8907,1194,1422,,423,,,,,,,,52727,1487,54214,20585,0.3904,Con
Cambridge,12829,12174,19621,1195,,,3804,,,,,,145,362,50130,256,50386,19621,0.3914,LD
Ipswich,18371,16292,8556,1365,1270,,775,,,,,,163,149,46941,550,47491,18371,0.3914,Con
Hull North,4365,13044,12403,1358,1443,,478,,,,,,,200,33291,320,33611,13044,0.3918,Lab
Sherwood,19211,18997,7283,1490,1754,,,,,,,,219,,48954,441,49395,19211,0.3924,Con
Middlesbrough South & Cleveland East,16461,18138,7340,1881,1576,,,,,,,,818,,46214,325,46539,18138,0.3925,Lab
Wakefield,15841,17454,7256,,2581,,873,,,,,,439,,44444,476,44920,17454,0.3927,Lab
Carlisle,16589,15736,6567,969,1086,,614,,,,,,,639,42200,423,42623,16589,0.3931,Con
Darlington,13503,16891,10046,1194,1262,,,,,,,,,,42896,378,43274,16891,0.3938,Lab
Calder Valley,20397,13966,13037,1173,1823,,858,,,,,,369,157,51780,728,52508,20397,0.3939,Con
Croydon Central,19567,16688,6553,997,1448,,581,,,,,,3377,456,49667,262,49929,19567,0.394,Con
Erewash,18805,16304,8343,855,2337,,534,,,,,,464,,47642,377,48019,18805,0.3947,Con
Scunthorpe,12091,14640,6774,1686,1447,,396,,,,,,,,37034,770,37804,14640,0.3953,Lab
Worcester,19358,16376,9525,1360,1219,,735,,,,,,228,173,48974,296,49270,19358,0.3953,Con
Birmingham Yardley,7836,13160,16162,1190,2153,,,,,,,,,349,40850,611,41461,16162,0.3956,LD
Angus,11738,6535,4090,577,,15020,,,,,,,,,37960,281,38241,15020,0.3957,SNP
Alyn & Deeside,12885,15804,7308,1009,1368,,,,,1549,,,,,39923,1399,41322,15804,0.3959,Lab
Stalybridge & Hyde,13445,16189,6965,1342,2259,,679,,,,,,,,40879,362,41241,16189,0.396,Lab
Perth & North Perthshire,14739,7923,5954,,,19118,,,,,,,,534,48268,299,48567,19118,0.3961,SNP
Walsall South,14456,16211,5880,3449,,,,,,,,,,886,40882,771,41653,16211,0.3965,Lab
Doncaster Central,10340,16569,8795,1421,1762,,,,,,,,970,1888,41745,344,42089,16569,0.3969,Lab
Moray,10683,7007,5956,1085,,16273,,,,,,,,,41004,81,41085,16273,0.3969,SNP
Gloucester,20267,17847,9767,1808,,,511,,,,,,,564,50764,1049,51813,20267,0.3992,Con
York Central,12122,18573,11694,1100,1171,,1669,,,,,,,154,46483,226,46709,18573,0.3996,Lab
Poplar & Limehouse,12649,18679,5209,565,,,449,,,,,,519,8630,46700,1301,48001,18679,0.4,Lab
Belfast North,,,,,,,,12588,14812,,4544,2837,403,1809,36993,272,37265,14812,0.4004,DUP
Cannock Chase,18271,15076,7732,1580,2168,,,,,,,,473,259,45559,420,45979,18271,0.401,Con
Salford & Eccles,8497,16655,10930,1084,2632,,,,,,,,384,1351,41533,921,42454,16655,0.401,Lab
Heywood & Middleton,12528,18499,10474,1215,3239,,,,,,,,170,,46125,434,46559,18499,0.4011,Lab
Warwickshire North,18993,18939,5481,1335,2106,,,,,,,,,411,47265,203,47468,18993,0.4018,Con
Bury North,18070,15827,7645,1282,1825,,,,,,,,181,131,44961,333,45294,18070,0.4019,Con
Waveney,20571,19802,6811,2684,,,1167,,,,,,106,,51141,353,51494,20571,0.4022,Con
Dagenham & Rainham,15183,17813,3806,1569,4952,,296,,,,,,308,305,44232,943,45175,17813,0.4027,Lab
Birmingham Northfield,14059,16841,6550,1363,2290,,406,,,,,,,305,41814,381,42195,16841,0.4028,Lab
Peterborough,18133,13272,8816,3007,,,523,,,,,,406,770,44927,718,45645,18133,0.4036,Con
Bury South,16216,19508,8796,1017,1743,,493,,,,,,,494,48267,351,48618,19508,0.4042,Lab
Kingswood,19362,16917,8072,1528,1311,,383,,,,,,,333,47906,120,48026,19362,0.4042,Con
Norwich North,17280,13379,7783,1878,747,,1245,,,,,,143,118,42573,597,43170,17280,0.4059,Con
"Chester, City of",18995,16412,8930,1225,,,535,,,,,,99,594,46790,418,47208,18995,0.406,Con
Birmingham Edgbaston,15620,16894,6387,732,1196,,469,,,,,,,273,41571,623,42194,16894,0.4064,Lab
Wolverhampton South West,16344,15653,6430,1487,,,,,,,,,,246,40160,588,40748,16344,0.407,Con
"Inverness, Nairn, Badenoch & Strathspey",6278,10407,19172,574,,8803,789,,,,,,,1063,47086,420,47506,19172,0.4072,LD
Filton & Bradley Stoke,19686,12772,12197,1506,1328,,441,,,,,,,371,48301,149,48450,19686,0.4076,Con
St Albans,21533,9288,19228,2028,,,758,,,,,,,,52835,195,53030,21533,0.4076,Con
Delyn,12811,15083,5747,655,844,,,,,1844,,,,,36984,1287,38271,15083,0.4078,Lab
Wirral South,15745,16276,6611,1274,,,,,,,,,,,39906,591,40497,16276,0.4079,Lab
Northampton South,15917,9913,7579,1897,,,363,,,,,,2307,1002,38978,498,39476,15917,0.4084,Con
Stroud,23679,22380,8955,1301,,,1542,,,,,,116,,57973,499,58472,23679,0.4084,Con
Newcastle upon Tyne North,7966,17950,14536,1285,1890,,319,,,,,,,,43946,620,44566,17950,0.4085,Lab
High Peak,20587,15910,10993,1690,,,922,,,,,,161,74,50337,366,50703,20587,0.409,Con
Rother Valley,13281,19147,8111,2613,3606,,,,,,,,,,46758,706,47464,19147,0.4095,Lab
Belfast South,,,,,,,1036,,8100,,14026,5910,,5114,34186,201,34387,14026,0.4103,SDLP
Blackpool South,12597,14449,5082,1352,1482,,,,,,,,,230,35192,317,35509,14449,0.4106,Lab
Hyndburn,14441,17531,5033,1481,2137,,463,,,,,,378,1208,42672,1191,43863,17531,0.4108,Lab
Hastings & Rye,20468,18475,7825,1397,1310,,,,,,,,,339,49814,650,50464,20468,0.4109,Con
Lewisham West & Penge,11489,18501,12673,1117,,,931,,,,,,,317,45028,364,45392,18501,0.4109,Lab
Carmarthen West & Pembrokeshire South,16649,13226,4890,1146,,,,,,4232,,,364,,40507,360,40867,16649,0.411,Con
Gedling,17962,19821,7350,1459,1598,,,,,,,,,,48190,260,48450,19821,0.4113,Lab
Halesowen & Rowley Regis,18115,16092,6515,2824,,,,,,,,,433,,43979,500,44479,18115,0.4119,Con
Banff & Buchan,11841,5382,4365,,1010,15868,,,,,,,,,38466,387,38853,15868,0.4125,SNP
Cardiff West,12143,16894,7186,1117,,,750,,,2868,,,,,40958,352,41310,16894,0.4125,Lab
Newport West,12845,16389,6587,1144,1183,,450,,,1122,,,,,39720,402,40122,16389,0.4126,Lab
Bradford South,11060,15682,6948,1339,2651,,,,,,,,,315,37995,541,38536,15682,0.4127,Lab
Somerset North East,21130,16216,11433,1754,,,670,,,,,,,,51203,1158,52361,21130,0.4127,Con
Montgomeryshire,13976,2407,12792,1128,,,,,,2802,,,324,384,33813,246,34059,13976,0.4133,Con
Sheffield Central,4206,17138,16973,652,903,,1556,,,,,,40,,41468,593,42061,17138,0.4133,Lab
"Caithness, Sutherland & Easter Ross",3744,7081,11907,,,5516,,,,,,,520,,28768,353,29121,11907,0.4139,LD
Stevenage,18491,14913,7432,2004,1007,,,,,,,,80,724,44651,909,45560,18491,0.4141,Con
Wolverhampton North East,11964,14448,4711,1138,2296,,,,,,,,,337,34894,342,35236,14448,0.4141,Lab
Cardiff Central,7799,10400,14976,765,,,575,,,1246,,,86,304,36151,258,36409,14976,0.4143,LD
Eltham,15753,17416,5299,1011,1745,,419,,,,,,104,217,41964,394,42358,17416,0.415,Lab
Morecambe & Lunesdale,18035,17169,5791,1843,,,598,,,,,,,,43436,441,43877,18035,0.4152,Con
Nuneaton,18536,16467,6846,,2797,,,,,,,,,,44646,387,45033,18536,0.4152,Con
Clwyd West,15833,9414,5801,864,,,,,,5864,,,96,239,38111,258,38369,15833,0.4154,Con
Loughborough,21971,18227,9675,925,2040,,,,,,,,,,52838,272,53110,21971,0.4158,Con
Milton Keynes South,23034,17833,9787,2074,1502,,774,,,,,,,329,55333,332,55665,23034,0.4163,Con
Truro & Falmouth,20349,4697,19914,1911,,,858,,,,,,,1039,48768,321,49089,20349,0.4173,Con
Stirling,11254,19558,6797,395,,8091,746,,,,,,,,46841,261,47102,19558,0.4175,Lab
Rossendale & Darwen,19691,15198,8541,1617,,,,,,,,,113,1968,47128,252,47380,19691,0.4178,Con
Swindon South,19687,16143,8305,2029,,,619,,,,,,160,176,47119,605,47724,19687,0.4178,Con
Blackpool North & Cleveleys,16964,14814,5400,1659,1556,,,,,,,,,198,40591,305,40896,16964,0.4179,Con
Coventry South,15352,19197,8278,1767,,,639,,,,,,,691,45924,668,46592,19197,0.418,Lab
Vale of Glamorgan,20341,16034,7403,1529,,,457,,,2667,,,,236,48667,333,49000,20341,0.418,Con
Birmingham Erdington,11592,14869,5742,842,1815,,,,,,,,240,446,35546,419,35965,14869,0.4183,Lab
Sefton Central,16445,20307,9656,2055,,,,,,,,,,,48463,491,48954,20307,0.419,Lab
Keighley,20003,17063,7059,1470,1962,,,,,,,,,135,47692,670,48362,20003,0.4194,Con
Newry & Armagh,,,,,,,,18857,5764,,10526,8558,656,545,44906,415,45321,18857,0.4199,SF
Cleethorpes,18939,14641,8192,3194,,,,,,,,,,,44966,623,45589,18939,0.4212,Con
Batley & Spen,17159,21565,8095,,3685,,605,,,,,,,,51109,440,51549,21565,0.4219,Lab
Corby,22886,20991,7834,,2525,,,,,,,,,,54236,427,54663,22886,0.422,Con
Islington South & Finsbury,8449,18407,14838,701,,,710,,,,,,,450,43555,1040,44595,18407,0.4226,Lab
Vale of Clwyd,12508,15017,4472,515,827,,,,,2068,,,,127,35534,327,35861,15017,0.4226,Lab
Leeds West,7641,16389,9373,1140,2377,,1832,,,,,,,,38752,161,38913,16389,0.4229,Lab
Enfield North,18804,17112,5403,938,1228,,489,,,,,,91,388,44453,556,45009,18804,0.423,Con
Durham North West,8766,18539,10927,1259,1852,,,,,,,,2472,,43815,555,44370,18539,0.4231,Lab
Oxford West & Abingdon,23906,5999,23730,1518,,,1184,,,,,,,143,56480,258,56738,23906,0.4233,Con
Hendon,19635,19529,5734,958,,,518,,,,,,,,46374,293,46667,19635,0.4234,Con
Hull West & Hessle,6361,13378,7636,1688,1416,,,,,,,,,1026,31505,235,31740,13378,0.4246,Lab
Oxford East,9727,21938,17357,1202,,,1238,,,,,,,189,51651,293,51944,21938,0.4247,Lab
Wirral West,16726,14290,6630,899,,,,,,,,,506,321,39372,686,40058,16726,0.4248,Con
Llanelli,5381,15916,3902,1047,,,,,,11215,,,,,37461,381,37842,15916,0.4249,Lab
Hartlepool,10758,16267,6533,2682,2002,,,,,,,,,,38242,454,38696,16267,0.4254,Lab
Reading East,21269,12729,13664,1086,,,1069,,,,,,168,,49985,526,50511,21269,0.4255,Con
Warwick & Leamington,20876,17363,8977,926,,,693,,,,,,197,,49032,540,49572,20876,0.4258,Con
Sheffield Heeley,7081,17409,11602,1530,2260,,989,,,,,,,,40871,220,41091,17409,0.4259,Lab
Bosworth,23132,8674,18100,1098,2458,,,,,,,,,812,54274,315,54589,23132,0.4262,Con
Elmet & Rothwell,23778,19257,9109,1593,1802,,,,,,,,250,,55789,209,55998,23778,0.4262,Con
Stockport,9913,16697,9778,862,1201,,677,,,,,,,,39128,369,39497,16697,0.4267,Lab
Stourbridge,20153,14989,7733,2103,1696,,394,,,,,,166,,47234,450,47684,20153,0.4267,Con
Leeds North East,15742,20287,9310,842,758,,,,,,,,,596,47535,252,47787,20287,0.4268,Lab
St Ives,17900,3751,19619,2560,,,1308,,,,,,,783,45921,877,46798,19619,0.4272,LD
St Austell & Newquay,18877,3386,20189,1757,1022,,,,,,,,,2007,47238,139,47377,20189,0.4274,LD
Streatham,8578,20037,16778,,,,861,,,,,,,583,46837,520,47357,20037,0.4278,Lab
Preseli Pembrokeshire,16944,12339,5759,906,,,,,,3654,,,,,39602,339,39941,16944,0.4279,Con
Coventry North West,13648,19936,8344,1295,1666,,497,,,,,,640,534,46560,496,47056,19936,0.4282,Lab
Edinburgh South West,11026,19473,8194,,,5530,872,,,,,,,367,45462,334,45796,19473,0.4283,Lab
Scarborough & Whitby,21108,12978,11093,1484,1445,,734,,,,,,329,111,49282,238,49520,21108,0.4283,Con
Stockton North,10247,16923,6342,1556,1724,,,,,,,,1577,1129,39498,440,39938,16923,0.4285,Lab
Solihull,23460,4891,23635,1200,1624,,,,,,,,,319,55129,707,55836,23635,0.4287,LD
Worsley & Eccles South,13555,17892,6883,2037,,,,,,,,,,1334,41701,200,41901,17892,0.4291,Lab
Bethnal Green & Bow,7071,21784,10210,,1405,,856,,,,,,448,8954,50728,1340,52068,21784,0.4294,Lab
York Outer,22912,9108,19224,1100,956,,,,,,,,,,53300,283,53583,22912,0.4299,Con
Newton Abbot,20774,3387,20251,3088,,,701,,,,,,82,,48283,384,48667,20774,0.4303,Con
Lewisham East,9850,17966,11750,771,,,624,,,,,,,758,41719,462,42181,17966,0.4306,Lab
Dudley South,16450,12594,5989,3132,,,,,,,,,,,38165,388,38553,16450,0.431,Con
Great Yarmouth,18571,14295,6188,2066,1421,,416,,,,,,,100,43057,447,43504,18571,0.4313,Con
Reading West,20523,14519,9546,1508,,,582,,,,,,,852,47530,648,48178,20523,0.4318,Con
Hexham,18795,8253,13007,,1205,,,,,,,,2223,,43483,406,43889,18795,0.4322,Con
Chorley,18922,21515,6957,2021,,,,,,,,,359,,49774,527,50301,21515,0.4323,Lab
Derby South,11729,17851,8430,1821,,,,,,,,,1357,,41188,1490,42678,17851,0.4334,Lab
Edinburgh East,4358,17314,7751,,,8133,2035,,,,,,,274,39865,276,40141,17314,0.4343,Lab
Milton Keynes North,23419,14458,11894,1772,1154,,733,,,,,,95,363,53888,135,54023,23419,0.4346,Con
Redditch,19138,13317,7750,1497,1394,,393,,,,,,100,429,44018,115,44133,19138,0.4348,Con
Tooting,19514,22038,7509,624,,,609,,,,,,190,171,50655,289,50944,22038,0.4351,Lab
Leyton & Wanstead,8928,17511,11095,1080,561,,562,,,,,,,422,40159,803,40962,17511,0.436,Lab
Harrow West,16968,20111,7458,954,,,625,,,,,,,,46116,1128,47244,20111,0.4361,Lab
Feltham & Heston,16516,21174,6679,992,1714,,530,,,,,,853,78,48536,909,49445,21174,0.4363,Lab
Merthyr Tydfil & Rhymney,2412,14007,9951,872,1173,,,,,1621,,,1845,195,32076,367,32443,14007,0.4367,Lab
Bromsgrove,22558,11250,10124,2950,1923,,,,,,,,643,2182,51630,313,51943,22558,0.4369,Con
Berwick-upon-Tweed,14116,5061,16806,1243,1213,,,,,,,,,,38439,284,38723,16806,0.4372,LD
Hammersmith,17261,20810,7567,551,432,,696,,,,,,135,,47452,569,48021,20810,0.4385,Lab
Basildon South & Thurrock East,19624,13852,5977,2639,2518,,,,,,,,,125,44735,680,45415,19624,0.4387,Con
Stafford,22047,16587,8211,1727,1103,,564,,,,,,,,50239,212,50451,22047,0.4388,Con
Westminster North,15251,17377,5513,315,334,,478,,,,,,133,197,39598,430,40028,17377,0.4388,Lab
Shrewsbury & Atcham,23313,10915,15369,1627,1168,,565,,,,,,,88,53045,1136,54181,23313,0.4395,Con
Wells,23760,4198,24560,1711,1004,,631,,,,,,,,55864,147,56011,24560,0.4396,LD
Castle Point,19806,6609,4232,,2205,,,,,,,,,12174,45026,395,45421,19806,0.4399,Con
Dover,22174,16900,7962,1747,1104,,,,,,,,82,416,50385,185,50570,22174,0.4401,Con
Rugby,20901,14901,9434,406,1375,,451,,,,,,,,47468,426,47894,20901,0.4403,Con
Wythenshawe & Sale East,10412,17987,9107,1405,1572,,,,,,,,,268,40751,900,41651,17987,0.4414,Lab
Brent Central,5067,18681,20026,,,,668,,,,,,163,718,45323,698,46021,20026,0.4419,LD
Portsmouth North,19533,12244,8874,1812,,,461,,,,,,,1194,44118,408,44526,19533,0.4427,Con
"Durham, City of",6146,20496,17429,856,1153,,,,,,,,172,,46252,501,46753,20496,0.4431,Lab
Weston-Super-Mare,23356,5772,20665,1406,1098,,,,,,,,144,275,52716,291,53007,23356,0.4431,Con
Stoke-on-Trent North,9580,17815,7120,2485,3196,,,,,,,,,,40196,377,40573,17815,0.4432,Lab
Dwyfor Meirionnydd,6447,4021,3538,776,,,,,,12814,,,1310,,28906,209,29115,12814,0.4433,PC
Fife North East,8715,6869,17763,1032,,5685,,,,,,,,,40064,195,40259,17763,0.4434,LD
Aberdeen North,4666,16746,7001,,635,8385,,,,,,,,268,37701,509,38210,16746,0.4442,Lab
Blyth Valley,6412,17156,10488,1665,1699,,,,,,,,819,327,38566,780,39346,17156,0.4448,Lab
Glasgow North,2089,13181,9283,,296,3530,947,,,,,,,287,29613,301,29914,13181,0.4451,Lab
Burton,22188,15884,7891,1451,2409,,,,,,,,,,49823,683,50506,22188,0.4453,Con
Leicestershire North West,23147,15636,8639,1134,3396,,,,,,,,,,51952,522,52474,23147,0.4455,Con
Swindon North,22408,15348,8668,1842,1542,,487,,,,,,,,50295,713,51008,22408,0.4455,Con
East Lothian,9661,21919,8288,548,,7883,862,,,,,,,,49161,475,49636,21919,0.4459,Lab
Rotherham,6279,16741,5994,2220,3906,,,,,,,,2366,,37506,842,38348,16741,0.4464,Lab
Ellesmere Port & Neston,15419,19750,6663,1619,,,,,,,,,782,,44233,340,44573,19750,0.4465,Lab
Harrow East,21435,18032,6850,896,,,793,,,,,,,,48006,1187,49193,21435,0.4465,Con
Foyle,,,,,,,,12098,4489,,16922,1221,,3159,37889,346,38235,16922,0.4466,SDLP
Manchester Withington,5005,18216,20110,698,,,798,,,,,,204,,45031,657,45688,20110,0.4466,LD
Crawley,21264,15336,6844,1382,1672,,598,,,,,,143,265,47504,322,47826,21264,0.4476,Con
Torfaen,7541,16847,6264,862,1657,,438,,,2005,,,2026,,37640,387,38027,16847,0.4476,Lab
Canterbury,22050,7940,16002,1907,,,1137,,,,,,,173,49209,241,49450,22050,0.4481,Con
Brigg & Goole,19680,14533,6414,1749,1498,,,,,,,,,,43874,384,44258,19680,0.4486,Con
Harlow,19691,14766,5990,1591,1739,,,,,,,,,101,43878,444,44322,19691,0.4488,Con
Erith & Thamesmead,13365,19068,5116,1139,2184,,322,,,,,,,1282,42476,925,43401,19068,0.4489,Lab
Caerphilly,6622,17377,5688,910,1635,,,,,6460,,,,,38692,456,39148,17377,0.4491,Lab
West Bromwich West,10612,16263,4336,1566,3394,,,,,,,,,,36171,712,36883,16263,0.4496,Lab
Newcastle upon Tyne East,6068,17043,12590,,1342,,620,,,,,,,177,37840,629,38469,17043,0.4504,Lab
Dorset South,22667,15224,9557,2034,,,595,,,,,,,233,50310,316,50626,22667,0.4505,Con
Dorset Mid & Poole North,20831,2748,21100,2109,,,,,,,,,,,46788,549,47337,21100,0.451,LD
Sedgefield,9445,18141,8033,1479,2075,,,,,,,,,1049,40222,697,40919,18141,0.451,Lab
Cornwall South East,22390,3507,19170,3083,,,826,,,,,,,641,49617,373,49990,22390,0.4513,Con
Lancashire West,17540,21883,6573,1775,,,485,,,,,,,217,48473,331,48804,21883,0.4514,Lab
Bournemouth West,18808,6171,13225,2999,,,,,,,,,456,,41659,264,41923,18808,0.4515,Con
Redcar,5790,13741,18955,1875,1475,,,,,,,,,127,41963,306,42269,18955,0.4517,LD
Staffordshire Moorlands,19793,13104,7338,3580,,,,,,,,,,,43815,231,44046,19793,0.4517,Con
Bridgwater & Somerset West,24675,9332,15426,2604,1282,,859,,,,,,315,,54493,172,54665,24675,0.4528,Con
Tynemouth,18121,23860,7845,900,1404,,538,,,,,,,,52668,432,53100,23860,0.453,Lab
"Berwickshire, Roxburgh & Selkirk",16555,5003,22230,595,,4497,,,,,,,,134,49014,289,49303,22230,0.4535,LD
Bradford West,12638,18401,4732,812,1370,,940,,,,,,,1683,40576,1130,41706,18401,0.4535,Lab
Nottingham East,7846,15022,8053,1138,,,928,,,,,,,125,33112,468,33580,15022,0.4537,Lab
Oldham West & Royton,10151,19503,8193,1387,3049,,,,,,,,,627,42910,669,43579,19503,0.4545,Lab
Ribble South,23396,17842,7271,1895,1054,,,,,,,,,,51458,1204,52662,23396,0.4547,Con
Derbyshire South,22935,15807,8012,1206,2193,,,,,,,,,266,50419,213,50632,22935,0.4549,Con
Workington,13290,17865,5318,876,1496,,,,,,,,,414,39259,266,39525,17865,0.4551,Lab
Fermanagh & South Tyrone,,,,,,,,21304,,,3574,,21488,437,46803,549,47352,21304,0.4552,SF
Warrington North,13364,20135,9196,,,,,,,,,,1516,,44211,911,45122,20135,0.4554,Lab
Leicester South,10066,21479,12671,720,1418,,770,,,,,,,,47124,768,47892,21479,0.4558,Lab
Devon West & Torridge,25230,2917,22273,3021,766,,1050,,,,,,,,55257,273,55530,25230,0.4566,Con
Sutton & Cheam,20548,3376,22156,950,1014,,246,,,,,,,218,48508,589,49097,22156,0.4567,LD
Na h-Eileanan an Iar (Western Isles),647,4838,1097,,,6723,,,,,,,1412,,14717,108,14825,6723,0.4568,SNP
Falkirk,5698,23207,5225,1283,,15364,,,,,,,,,50777,307,51084,23207,0.457,Lab
Harrogate & Knaresborough,24305,3413,23266,1056,1094,,,,,,,,,,53134,280,53414,24305,0.4574,Con
Ilford North,21506,16102,5966,871,1545,,572,,,,,,,456,47018,1152,48170,21506,0.4574,Con
Chippenham,21500,3620,23970,1783,641,,446,,,,,,,425,52385,155,52540,23970,0.4576,LD
Tamworth,21238,15148,7516,2253,,,,,,,,,,235,46390,459,46849,21238,0.4578,Con
Congleton,23250,8747,16187,2147,,,,,,,,,355,94,50780,427,51207,23250,0.4579,Con
Slough,16361,21884,6943,1517,,,542,,,,,,,495,47742,265,48007,21884,0.4584,Lab
Crewe & Nantwich,23420,17374,7656,1414,1043,,,,,,,,177,,51084,291,51375,23420,0.4585,Con
Portsmouth South,13721,5640,18921,876,873,,716,,,,,,,517,41264,470,41734,18921,0.4585,LD
Wansbeck,6714,17548,10517,974,1418,,601,,,,,,359,142,38273,533,38806,17548,0.4585,Lab
Totnes,21940,3538,17013,2890,624,,1181,,,,,,657,,47843,239,48082,21940,0.4586,Con
Antrim East,,,,,,,,2064,13993,,2019,7223,,5203,30502,153,30655,13993,0.4588,DUP
Middlesbrough,6283,15351,6662,1236,1954,,,,,,,,1969,,33455,356,33811,15351,0.4589,Lab
Dumfries & Galloway,16501,23950,4608,695,,6419,,,,,,,,,52173,235,52408,23950,0.459,Lab
Bolton North East,15786,19870,5624,1815,,,,,,,,,,182,43277,374,43651,19870,0.4591,Lab
Sunderland Central,12770,19495,7191,1094,1913,,,,,,,,,,42463,633,43096,19495,0.4591,Lab
Strangford,,,,,,,562,1161,14926,,2164,9050,,4642,32505,156,32661,14926,0.4592,DUP
Newcastle upon Tyne Central,6611,15694,8228,754,2302,,568,,,,,,,,34157,528,34685,15694,0.4595,Lab
Finchley & Golders Green,21688,15879,8036,817,,,737,,,,,,,,47157,296,47453,21688,0.4599,Con
Copeland,15866,19699,4365,994,1474,,389,,,,,,,,42787,230,43017,19699,0.4604,Lab
Southend West,20086,5850,12816,1714,1333,,644,,,,,,617,546,43606,1017,44623,20086,0.4606,Con
Holborn & St Pancras,11134,25198,15256,587,779,,1480,,,,,,140,75,54649,446,55095,25198,0.4611,Lab
Brecon & Radnorshire,14182,4096,17929,876,,,341,,,989,,,,432,38845,270,39115,17929,0.4616,LD
Chelmsford,25207,5980,20097,1527,899,,476,,,,,,,407,54593,193,54786,25207,0.4617,Con
Chatham & Aylesford,20230,14161,5832,1314,1365,,396,,,,,,,509,43807,493,44300,20230,0.4618,Con
Broadland,24338,7287,17046,2382,871,,752,,,,,,,,52676,633,53309,24338,0.462,Con
Gillingham & Rainham,21624,12944,8484,1515,1149,,356,,,,,,,714,46786,352,47138,21624,0.4622,Con
Hereford & South Herefordshire,22366,3506,19885,1638,986,,,,,,,,,,48381,163,48544,22366,0.4623,Con
Dunfermline & Fife West,3305,22639,17169,633,,5201,,,,,,,,,48947,211,49158,22639,0.4625,Lab
Neath,4847,17172,5535,829,1342,,,,,7397,,,,,37122,559,37681,17172,0.4626,Lab
Antrim North,,,,,,,,5265,19672,,3738,4634,,9088,42397,240,42637,19672,0.464,DUP
Suffolk Coastal,25475,8812,16347,3156,,,1103,,,,,,,,54893,637,55530,25475,0.4641,Con
Hornsey & Wood Green,9174,18720,25595,,,,1261,,,,,,292,,55042,417,55459,25595,0.465,LD
Eastleigh,21102,5153,24966,1933,,,,,,,,,154,342,53650,293,53943,24966,0.4653,LD
West Bromwich East,10961,17657,4993,984,2205,,,,,,,,,1150,37950,458,38408,17657,0.4653,Lab
Dulwich & West Norwood,10684,22461,13096,707,,,1266,,,,,,,,48214,459,48673,22461,0.4659,Lab
Isle of Wight,32810,8169,22283,2435,1457,,931,,,,,,330,1849,70264,470,70734,32810,0.467,Con
Aldershot,21203,5489,15617,2041,,,,,,,,,,1034,45384,1815,47199,21203,0.4672,Con
Hemsworth,10662,20506,5667,,3059,,,,,,,,3946,,43840,595,44435,20506,0.4677,Lab
Rochford & Southend East,19509,8459,8084,2405,1856,,707,,,,,,611,,41631,394,42025,19509,0.4686,Con
Brent North,16486,24514,8879,380,,,725,,,,,,1067,247,52298,815,53113,24514,0.4687,Lab
Forest of Dean,22853,11789,10676,2522,,,923,,,,,,,,48763,404,49167,22853,0.4687,Con
Harwich & North Essex,23001,9774,11554,2527,1065,,909,,,,,,170,,49000,267,49267,23001,0.4694,Con
Macclesfield,23503,10164,11544,1418,,,840,,,,,,,2590,50059,308,50367,23503,0.4695,Con
Torbay,19048,3231,23126,2628,709,,468,,,,,,,,49210,264,49474,23126,0.4699,LD
Midlothian,4661,18449,6711,364,,8100,595,,,,,,196,166,39242,430,39672,18449,0.4701,Lab
Barnsley East,6329,18059,6969,1731,3301,,,,,,,,1396,601,38386,488,38874,18059,0.4705,Lab
Spelthorne,22261,7789,12242,4009,,,,,,,,,314,689,47304,393,47697,22261,0.4706,Con
Cheadle,21445,4920,24717,1430,,,,,,,,,,,52512,507,53019,24717,0.4707,LD
Beverley & Holderness,25063,11224,12076,1845,2080,,686,,,,,,225,,53199,265,53464,25063,0.4711,Con
"Ayr, Carrick & Cumnock",11721,21632,4264,,,8276,,,,,,,,,45893,424,46317,21632,0.4714,Lab
Total Votes,10703654,8606517,6836248,919471,564321,491386,285612,171942,168216,165394,110970,102361,192963,368549,29687604,303867,29991471,14002295,0.4717,
Tewkesbury,25472,6253,19162,2230,,,525,,,,,,,319,53961,285,54246,25472,0.472,Con
Barnsley Central,6388,17487,6394,1727,3307,,,,,,,,1342,356,37001,466,37467,17487,0.4726,Lab
Buckingham,,,,8401,980,,,,,,,,14762,24192,48335,1164,49499,22860,0.4729,Spk
Makerfield,8210,20700,7082,,3229,,,,,,,,4550,,43771,328,44099,20700,0.4729,Lab
Eastbourne,21223,2497,24658,1305,939,,,,,,,,1502,,52124,474,52598,24658,0.4731,LD
Doncaster North,8728,19637,6174,1797,2818,,,,,,,,,2329,41483,204,41687,19637,0.4734,Lab
Battersea,23103,17126,7176,505,,,559,,,,,,155,168,48792,278,49070,23103,0.4735,Con
Devon North,18484,2671,24305,3720,614,,697,,,,,,588,242,51321,397,51718,24305,0.4736,LD
Ayrshire North & Arran,7212,21860,4630,,,11965,,,,,,,,449,46116,430,46546,21860,0.474,Lab
Cambridgeshire South,27995,6024,20157,1873,,,1039,,,,,,1968,,59056,409,59465,27995,0.474,Con
Bolton South East,10148,18782,6289,1564,2012,,614,,,,,,,195,39604,502,40106,18782,0.4742,Lab
Yorkshire East,24328,10401,10842,2142,1865,,762,,,,,,,914,51254,311,51565,24328,0.4747,Con
Leeds North West,11550,9132,20653,600,766,,508,,,,,,,274,43483,161,43644,20653,0.475,LD
Poole,22532,6041,14991,2507,1188,,,,,,,,177,,47436,732,48168,22532,0.475,Con
Somerton & Frome,26976,2675,28793,1932,,,,,,,,,,236,60612,1219,61831,28793,0.475,LD
Bury St Edmunds,27899,9776,15519,3003,,,2521,,,,,,,,58718,463,59181,27899,0.4751,Con
Wolverhampton South East,9912,16505,5277,2675,,,,,,,,,338,,34707,386,35093,16505,0.4756,Lab
Dorset West,27287,3815,23364,2196,,,675,,,,,,,,57337,334,57671,27287,0.4759,Con
"Wrekin, The",21922,12472,8019,2050,1505,,,,,,,,,,45968,263,46231,21922,0.4769,Con
Ayrshire Central,8943,20950,5236,,,8364,,,,,,,,422,43915,353,44268,20950,0.4771,Lab
Suffolk South,24550,7368,15861,3637,,,,,,,,,,,51416,206,51622,24550,0.4775,Con
Blackburn,11895,21751,6918,942,2158,,,,,,,,411,1424,45499,3043,48542,21751,0.4781,Lab
Hull East,5667,16387,7790,2745,,,,,,,,,,1595,34184,202,34386,16387,0.4794,Lab
Cambridgeshire South East,27629,4380,21683,2138,,,766,,,,,,517,489,57602,409,58011,27629,0.4797,Con
Thanet South,22043,14426,6935,2529,,,,,,,,,,,45933,424,46357,22043,0.4799,Con
Colchester,15169,5680,22151,1350,705,,694,,,,,,,390,46139,382,46521,22151,0.4801,LD
Maidstone & The Weald,23491,4769,17602,1637,,,655,,,,,,,774,48928,531,49459,23491,0.4801,Con
Leigh,9284,21295,8049,1535,2724,,,,,,,,1308,137,44332,338,44670,21295,0.4804,Lab
Bristol West,10169,15227,26593,655,,,2090,,,,,,343,270,55347,365,55712,26593,0.4805,LD
Cornwall North,19531,1971,22512,2300,,,,,,,,,,530,46844,338,47182,22512,0.4806,LD
Barrow & Furness,16018,21226,4424,841,840,,530,,,,,,245,,44124,217,44341,21226,0.4811,Lab
Preston,7060,15668,7935,1462,,,,,,,,,108,272,32505,767,33272,15668,0.482,Lab
"Normanton, Pontefract & Castleford",11314,22293,7585,,3864,,,,,,,,1183,,46239,470,46709,22293,0.4821,Lab
Wellingborough,24918,13131,8848,1636,1596,,480,,,,,,273,779,51661,1200,52861,24918,0.4823,Con
Uxbridge & South Ruislip,21758,10542,8995,1234,1396,,477,,,,,,,674,45076,371,45447,21758,0.4827,Con
Monmouth,22466,12041,9026,1126,,,587,,,1273,,,,,46519,383,46902,22466,0.4829,Con
Carshalton & Wallington,16920,4015,22180,1348,1100,,355,,,,,,,,45918,470,46388,22180,0.483,LD
Derbyshire Mid,22877,11585,9711,1252,1698,,,,,,,,,219,47342,941,48283,22877,0.4832,Con
Devon East,25662,5721,16548,4346,,,815,,,,,,,,53092,425,53517,25662,0.4833,Con
Norfolk South West,23753,9119,10613,3061,1774,,830,,,,,,,,49150,246,49396,23753,0.4833,Con
Bermondsey & Old Southwark,7638,13060,21590,,1370,,718,,,,,,155,120,44651,558,45209,21590,0.4835,LD
Ashton Under Lyne,9510,18604,5703,1686,2929,,,,,,,,,,38432,312,38744,18604,0.4841,Lab
Tyrone West,,,,,,,,18050,7365,,5212,5281,508,859,37275,502,37777,18050,0.4842,SF
Bournemouth East,21320,5836,13592,3027,,,,,,,,,249,,44024,255,44279,21320,0.4843,Con
Livingston,5158,23215,5316,443,960,12424,,,,,,,149,242,47907,268,48175,23215,0.4846,Lab
Dundee West,3461,17994,4233,,,10716,,,,,,,365,357,37126,352,37478,17994,0.4847,Lab
Worthing East & Shoreham,23458,8087,12353,2984,,,1126,,,,,,,389,48397,441,48838,23458,0.4847,Con
Down South,,,,,,,901,12236,3645,,20648,3093,,2066,42589,379,42968,20648,0.4848,SDLP
Wigan,10917,21404,6797,2516,2506,,,,,,,,,,44140,429,44569,21404,0.4849,Lab
Gravesham,22956,13644,6293,2265,,,675,,,,,,465,1005,47303,310,47613,22956,0.4853,Con
Winchester,27155,3051,24107,1139,,,,,,,,,,503,55955,293,56248,27155,0.4853,Con
Nottingham North,8508,16646,5849,1338,1944,,,,,,,,,,34285,455,34740,16646,0.4855,Lab
Shipley,24002,14058,9890,,,,1477,,,,,,,,49427,354,49781,24002,0.4856,Con
Stretford & Urmston,12886,21821,7601,1508,,,916,,,,,,,178,44910,610,45520,21821,0.4859,Lab
Wycombe,23423,8326,13863,2123,,,,,,,,,416,,48151,337,48488,23423,0.4864,Con
Sheffield South East,7202,20169,9664,1889,2345,,,,,,,,,139,41408,219,41627,20169,0.4871,Lab
Dartford,24428,13800,7361,1842,,,,,,,,,264,2385,50080,296,50376,24428,0.4878,Con
Hazel Grove,14114,5234,20485,2148,,,,,,,,,,,41981,381,42362,20485,0.488,LD
Chipping Barnet,24700,12773,10202,1442,,,1021,,,,,,470,,50608,319,50927,24700,0.4881,Con
Huntingdon,26516,5982,15697,3258,,,652,,,,,,1432,729,54266,411,54677,26516,0.4886,Con
Altrincham & Sale West,24176,11073,12581,1563,,,,,,,,,,,49393,626,50019,24176,0.4895,Con
Harborough,26894,6981,17097,1462,1715,,,,,,,,228,568,54945,402,55347,26894,0.4895,Con
Taunton Deane,24538,2967,28531,2114,,,,,,,,,,,58150,260,58410,28531,0.4906,LD
Wimbledon,23257,10550,11849,914,,,590,,,,,,,235,47395,804,48199,23257,0.4907,Con
Kettering,23247,14153,7498,,1366,,,,,,,,,1064,47328,750,48078,23247,0.4912,Con
Greenwich & Woolwich,10109,20262,7498,,1151,,1054,,,,,,65,1049,41188,397,41585,20262,0.4919,Lab
Rochester & Strood,23604,13651,7800,,,,734,,,,,,,2182,47971,288,48259,23604,0.492,Con
Islwyn,4854,17069,3597,930,1320,,,,,4518,,,2396,,34684,400,35084,17069,0.4921,Lab
Salisbury,23859,3690,17893,1392,765,,506,,,,,,376,,48481,322,48803,23859,0.4921,Con
Luton North,13672,21192,4784,1564,1316,,490,,,,,,,,43018,400,43418,21192,0.4926,Lab
Gainsborough,24266,7701,13707,2065,1512,,,,,,,,,,49251,464,49715,24266,0.4927,Con
Somerset North,28549,6448,20687,2257,,,,,,,,,,,57941,899,58840,28549,0.4927,Con
Coventry North East,9609,21384,7210,1291,1863,,,,,,,,,2026,43383,688,44071,21384,0.4929,Lab
Leeds Central,7541,18434,7789,,3066,,,,,,,,409,155,37394,322,37716,18434,0.493,Lab
Norfolk South,27133,7252,16193,2329,1086,,1000,,,,,,,,54993,220,55213,27133,0.4934,Con
Ilford South,14014,25301,8679,1132,,,1319,,,,,,,746,51191,1635,52826,25301,0.4942,Lab
Selby & Ainsty,25562,13297,9180,1635,1377,,,,,,,,,677,51728,804,52532,25562,0.4942,Con
Enfield Southgate,21928,14302,6124,505,,,632,,,,,,391,470,44352,590,44942,21928,0.4944,Con
Boston & Skegness,21325,8899,6371,4081,2278,,,,,,,,171,,43125,737,43862,21325,0.4945,Con
Folkestone & Hythe,26109,5719,15987,2439,1662,,637,,,,,,247,,52800,906,53706,26109,0.4945,Con
Leicestershire South,27000,11392,11476,1988,2721,,,,,,,,,,54577,255,54832,27000,0.4947,Con
Norfolk Mid,25123,8857,11267,2800,1261,,1457,,,,,,,,50765,355,51120,25123,0.4949,Con
Charnwood,26560,10536,11531,1799,3116,,,,,,,,,,53542,356,53898,26560,0.4961,Con
Southport,15683,4116,21707,2251,,,,,,,,,,,43757,1011,44768,21707,0.4961,LD
Blaydon,7159,22297,13180,,2277,,,,,,,,,,44913,976,45889,22297,0.4964,Lab
Louth & Horncastle,25065,8760,11194,2183,2199,,,,,,,,,1093,50494,200,50694,25065,0.4964,Con
Richmond Park,29461,2979,25370,669,,,572,,,,,,84,133,59268,565,59833,29461,0.4971,Con
Romsey & Southampton North,24345,3116,20189,1289,,,,,,,,,,,48939,322,49261,24345,0.4975,Con
Vauxhall,9301,21498,10847,,,,708,,,,,,,837,43191,953,44144,21498,0.4977,Lab
Kingston & Surbiton,20868,5337,28428,1450,,,555,,,,,,,473,57111,505,57616,28428,0.4978,LD
Lagan Valley,,,,,,,,1465,18199,,1835,7713,,7328,36540,199,36739,18199,0.4981,DUP
Linlithgow & Falkirk East,6146,25634,6589,,,13081,,,,,,,,,51450,362,51812,25634,0.4982,Lab
Lanark & Hamilton East,6981,23258,5249,616,,9780,,,,,,,670,,46554,334,46888,23258,0.4996,Lab
Hemel Hempstead,24721,10295,11315,1254,1615,,,,,,,,271,,49471,288,49759,24721,0.4997,Con
Bolsover,10812,21994,6821,1721,2640,,,,,,,,,,43988,341,44329,21994,0.5,Lab
Ceredigion,4421,2210,19139,977,,,696,,,10815,,,,,38258,228,38486,19139,0.5003,LD
Sittingbourne & Sheppey,24313,11930,7943,2610,1305,,,,,,,,158,319,48578,277,48855,24313,0.5005,Con
Kensington,17595,8979,6872,754,,,753,,,,,,,197,35150,719,35869,17595,0.5006,Con
Manchester Gorton,4224,19211,12508,,,,1048,,,,,,,1334,38325,964,39289,19211,0.5013,Lab
Haltemprice & Howden,24486,7630,12884,,1583,,669,,,,,,,1485,48737,330,49067,24486,0.5024,Con
Birmingham Perry Barr,8960,21142,9234,1675,,,,,,,,,,1034,42045,776,42821,21142,0.5028,Lab
Grantham & Stamford,26552,9503,11726,1604,2485,,,,,,,,,929,52799,310,53109,26552,0.5029,Con
Ribble Valley,26298,11529,10732,3496,,,,,,,,,,232,52287,501,52788,26298,0.503,Con
Tiverton & Honiton,27614,4907,18294,3277,,,802,,,,,,,,54894,216,55110,27614,0.503,Con
Woking,26551,4246,19744,1997,,,,,,,,,,248,52786,520,53306,26551,0.503,Con
Worcestershire West,27213,3661,20459,2119,,,641,,,,,,,,54093,517,54610,27213,0.5031,Con
Houghton & South Sunderland,8147,19137,5292,1022,1961,,,,,,,,2462,,38021,846,38867,19137,0.5033,Lab
Ealing North,14722,24023,6283,685,1045,,505,,,,,,,415,47678,456,48134,24023,0.5039,Lab
Leeds East,8763,19056,6618,,2947,,,,,,,,,429,37813,297,38110,19056,0.504,Lab
Bassetlaw,16803,25018,5570,1779,,,,,,,,,407,,49577,443,50020,25018,0.5046,Lab
Bexleyheath & Crayford,21794,11450,5502,1557,2042,,371,,,,,,,466,43182,781,43963,21794,0.5047,Con
Cambridgeshire North West,29425,9877,12748,4826,,,,,,,,,,1407,58283,446,58729,29425,0.5049,Con
Cheltenham,21739,2703,26659,1192,,,,,,,,,,493,52786,382,53168,26659,0.505,LD
Basingstoke,25590,10327,12414,2076,,,,,,,,,,247,50654,789,51443,25590,0.5052,Con
Durham North,8622,20698,8617,1344,1686,,,,,,,,,,40967,593,41560,20698,0.5052,Lab
Suffolk West,24312,7089,11262,3085,1428,,,,,,,,540,373,48089,443,48532,24312,0.5056,Con
Stone,23890,9770,10598,2481,,,490,,,,,,,,47229,364,47593,23890,0.5058,Con
Skipton & Ripon,27685,5498,17735,1909,1403,,,,,,,,315,179,54724,158,54882,27685,0.5059,Con
Wentworth & Dearne,7396,21316,6787,3418,3189,,,,,,,,,,42106,743,42849,21316,0.5062,Lab
Tyneside North,8514,23505,10621,1306,1860,,,,,,,,,599,46405,1061,47466,23505,0.5065,Lab
Sussex Mid,28329,3689,20927,1423,583,,645,,,,,,,259,55855,624,56479,28329,0.5072,Con
Renfrewshire East,15567,25987,4720,372,,4535,,,,,,,,,51181,1026,52207,25987,0.5077,Lab
Suffolk Central & North Ipswich,27125,8636,13339,2361,,,1452,,,,,,389,118,53420,407,53827,27125,0.5078,Con
Croydon South,28684,11287,12866,2504,,,981,,,,,,,,56322,372,56694,28684,0.5093,Con
Denton & Reddish,9360,19191,6727,2060,,,,,,,,,297,,37635,306,37941,19191,0.5099,Lab
Dorset North,27640,2910,20015,2812,,,546,,,,,,,218,54141,262,54403,27640,0.5105,Con
Havant,22433,7777,10273,2611,,,,,,,,,,809,43903,181,44084,22433,0.511,Con
Rutland & Melton,28228,7893,14228,2526,1757,,,,,,,,588,,55220,407,55627,28228,0.5112,Con
Rushcliffe,27470,11128,11659,2179,,,1251,,,,,,,,53687,813,54500,27470,0.5117,Con
Bognor Regis & Littlehampton,24087,6580,11024,3036,1890,,,,,,,,235,,46852,380,47232,24087,0.5141,Con
Hornchurch & Upminster,27469,11098,7426,2848,3421,,542,,,,,,305,281,53390,665,54055,27469,0.5145,Con
Shropshire North,26692,9406,10864,2432,1667,,808,,,,,,,,51869,352,52221,26692,0.5146,Con
Swansea East,4823,16819,5981,839,1715,,318,,,2181,,,,,32676,425,33101,16819,0.5147,Lab
Devon Central,27737,3715,18507,2870,,,1044,,,,,,,,53873,377,54250,27737,0.5149,Con
Ealing Southall,12733,22024,6383,,,,705,,,,,,,911,42756,607,43363,22024,0.5151,Lab
"East Kilbride, Strathaven & Lesmahagow",6613,26241,5052,,,11738,1003,,,,,,299,,50946,281,51227,26241,0.5151,Lab
Stratford-on-Avon,26052,4809,14706,1846,1097,,527,,,,,,1032,473,50542,345,50887,26052,0.5155,Con
Bexhill & Battle,28147,6524,15267,,1950,,,,,,,,,2699,54587,447,55034,28147,0.5156,Con
Wiltshire North,25114,3239,17631,1908,,,599,,,,,,208,,48699,155,48854,25114,0.5157,Con
Cambridgeshire North East,26862,9274,10437,2791,1747,,,,,,,,566,387,52064,280,52344,26862,0.5159,Con
Sleaford & North Hykeham,30719,10051,10814,2163,1977,,,,,,,,,3806,59530,196,59726,30719,0.516,Con
Wiltshire South West,25321,5613,14954,2684,,,,,,,,,446,,49018,282,49300,25321,0.5166,Con
Eddisbury,23472,9794,10217,1931,,,,,,,,,,,45414,321,45735,23472,0.5168,Con
Meriden,26956,10703,9278,1378,2511,,678,,,,,,,658,52162,347,52509,26956,0.5168,Con
St Helens North,9940,23041,8992,2100,,,,,,,,,,483,44556,295,44851,23041,0.5171,Lab
Glasgow South,4592,20736,4739,,637,8078,961,,,,,,,351,40094,572,40666,20736,0.5172,Lab
Worthing West,25416,5800,13687,2924,,,996,,,,,,,300,49123,443,49566,25416,0.5174,Con
Gosport,24300,7944,9887,1496,1004,,573,,,,,,1113,622,46939,372,47311,24300,0.5177,Con
Herefordshire North,24631,3373,14744,2701,,,1533,,,,,,586,,47568,261,47829,24631,0.5178,Con
Wallasey,13071,21578,5693,1205,,,,,,,,,107,,41654,676,42330,21578,0.518,Lab
Walthamstow,5734,21252,11774,823,,,767,,,,,,117,527,40994,641,41635,21252,0.5184,Lab
Thornbury & Yate,17916,3385,25032,1709,,,,,,,,,,184,48226,233,48459,25032,0.5191,LD
Aberavon,4411,16073,5034,489,1276,,,,,2198,,,919,558,30958,511,31469,16073,0.5192,Lab
Birmingham Hodge Hill,4936,22077,11775,714,2333,,,,,,,,,637,42472,967,43439,22077,0.5198,Lab
Wantage,29284,7855,15737,2421,,,1044,,,,,,,,56341,295,56636,29284,0.5198,Con
Lewes,18401,2508,26048,1728,594,,729,,,,,,80,,50088,293,50381,26048,0.52,LD
Ulster Mid,,,,,,,,21239,5876,,5826,4509,,3392,40842,487,41329,21239,0.52,SF
Glasgow Central,2158,15908,5010,246,616,5357,800,,,,,,,485,30580,391,30971,15908,0.5202,Lab
South Shields,7886,18995,5189,,2382,,762,,,,,,897,407,36518,354,36872,18995,0.5202,Lab
Putney,21223,11170,6907,435,459,,591,,,,,,,,40785,282,41067,21223,0.5204,Con
Derbyshire Dales,24378,9061,10512,1779,,,772,,,,,,,278,46780,366,47146,24378,0.5211,Con
Cities of London & Westminster,19264,8188,7574,664,,,778,,,,,,182,281,36931,349,37280,19264,0.5216,Con
Aylesbury,27736,6695,15118,3613,,,,,,,,,,,53162,512,53674,27736,0.5217,Con
Witham,24448,8656,9252,3060,,,1419,,,,,,,,46835,352,47187,24448,0.522,Con
Fylde,22826,8624,9641,1945,,,654,,,,,,,,43690,256,43946,22826,0.5225,Con
Wyre & Preston North,26877,10932,11033,2466,,,,,,,,,,,51308,356,51664,26877,0.5238,Con
Blaenau Gwent,2265,16974,3285,488,1211,,,,,1333,,,,6839,32395,443,32838,16974,0.524,Lab
Bracknell,27327,8755,11623,2297,1253,,821,,,,,,,60,52136,296,52432,27327,0.5241,Con
Bedfordshire Mid,28815,8108,13663,2826,,,773,,,,,,,712,54897,837,55734,28815,0.5249,Con
Cynon Valley,3010,15681,4120,1001,,,,,,6064,,,,,29876,417,30293,15681,0.5249,Lab
Kilmarnock & Loudoun,6592,24460,3419,,,12082,,,,,,,,,46553,373,46926,24460,0.5254,Lab
Washington & Sunderland West,8157,19615,6382,1267,1913,,,,,,,,,,37334,687,38021,19615,0.5254,Lab
"Ross, Skye & Lochaber",4260,5265,18335,659,,5263,777,,,,,,279,,34838,254,35092,18335,0.5263,LD
Braintree,25901,9780,9247,2477,1080,,718,,,,,,,,49203,611,49814,25901,0.5264,Con
Thanet North,22826,9298,8400,2819,,,,,,,,,,,43343,335,43678,22826,0.5266,Con
Horsham,29447,4189,17987,2839,,,570,,,,,,87,722,55841,330,56171,29447,0.5273,Con
Wokingham,28754,5516,15262,1664,,,567,,,,,,2436,329,54528,505,55033,28754,0.5273,Con
Basildon & Billericay,21922,9584,6538,1591,1934,,,,,,,,,,41569,146,41715,21922,0.5274,Con
Manchester Central,4704,21059,10620,607,1636,,915,,,,,,120,266,39927,1163,41090,21059,0.5274,Lab
Chingford & Woodford Green,22743,9780,7242,1133,1288,,650,,,,,,270,,43106,456,43562,22743,0.5276,Con
Ludlow,25720,3272,15971,2127,1016,,447,,,,,,,179,48732,341,49073,25720,0.5278,Con
Banbury,29703,10773,11476,2806,,,959,,,,,,524,,56241,599,56840,29703,0.5281,Con
Bedfordshire South West,26815,9948,10166,2142,1703,,,,,,,,,,50774,488,51262,26815,0.5281,Con
New Forest East,26443,4915,15136,2518,,,1024,,,,,,,,50036,307,50343,26443,0.5285,Con
St Helens South & Whiston,8209,24364,10242,1226,2040,,,,,,,,,,46081,410,46491,24364,0.5287,Lab
Thirsk & Malton,20167,5169,8886,2502,,,,,,,,,,1418,38142,337,38479,20167,0.5287,Con
Warley,9484,20240,5929,2617,,,,,,,,,,,38270,878,39148,20240,0.5289,Lab
Clacton,22867,10799,5577,,1975,,535,,,,,,292,1078,43123,219,43342,22867,0.5303,Con
"Cotswolds, The",29075,5886,16211,2292,,,940,,,,,,428,,54832,293,55125,29075,0.5303,Con
Liverpool Wavertree,2830,20132,12965,890,150,,598,,,,,,149,200,37914,626,38540,20132,0.531,Lab
Staffordshire South,26834,10244,8427,2753,1928,,,,,,,,254,,50440,112,50552,26834,0.532,Con
Guildford,29618,2812,21836,1021,,,,,,,,,,280,55567,443,56010,29618,0.533,Con
Penrith & The Border,24071,5834,12830,1259,1093,,,,,,,,,,45087,314,45401,24071,0.5339,Con
Reigate,26688,5672,13097,2089,1345,,1087,,,,,,,,49978,463,50441,26688,0.534,Con
Sheffield Hallam,12040,8228,27324,1195,,,919,,,,,,429,1000,51135,336,51471,27324,0.5344,LD
Bromley & Chislehurst,23569,7295,9669,1451,1070,,607,,,,,,,376,44037,321,44358,23569,0.5352,Con
Hertfordshire North East,26995,8291,11801,2075,,,875,,,,,,245,143,50425,411,50836,26995,0.5353,Con
Kenilworth & Southam,25945,6949,13393,1214,,,568,,,,,,362,,48431,467,48898,25945,0.5357,Con
Edmonton,12052,21665,4252,1036,,,516,,,,,,127,729,40377,739,41116,21665,0.5366,Lab
Lewisham Deptford,5551,22132,9633,,,,2772,,,,,,,1132,41220,671,41891,22132,0.5369,Lab
Leicester East,11722,25804,6817,725,1700,,733,,,,,,,494,47995,935,48930,25804,0.5376,Lab
Ogmore,5398,18644,5260,780,1242,,,,,3326,,,,,34650,197,34847,18644,0.5381,Lab
Hertford & Stortford,29810,7620,14373,1716,1297,,,,,,,,561,,55377,308,55685,29810,0.5383,Con
Newark,27590,11438,10246,1954,,,,,,,,,,,51228,281,51509,27590,0.5386,Con
Jarrow,8002,20910,7163,,2709,,,,,,,,,,38784,1066,39850,20910,0.5391,Lab
Sutton Coldfield,27303,10298,9117,1587,1749,,535,,,,,,,,50589,431,51020,27303,0.5397,Con
Epping Forest,25148,6641,10017,1852,1982,,659,,,,,,,285,46584,331,46915,25148,0.5398,Con
Paisley & Renfrewshire North,6381,23613,4597,,,8333,,,,,,,550,233,43707,398,44105,23613,0.5403,Lab
Glasgow North West,3537,19233,5622,,699,5430,882,,,,,,,179,35582,391,35973,19233,0.5405,Lab
Old Bexley & Sidcup,24625,8768,6996,1532,2132,,371,,,,,,,1068,45492,751,46243,24625,0.5413,Con
Ashford,29878,9204,12581,2508,,,1014,,,,,,,,55185,444,55629,29878,0.5414,Con
Gateshead,5716,20712,8163,1103,1787,,379,,,,,,,397,38257,999,39256,20712,0.5414,Lab
Norfolk North West,25916,6353,11106,1841,1839,,745,,,,,,,,47800,248,48048,25916,0.5422,Con
Hertfordshire South West,30773,6526,15853,1450,1302,,,,,,,,846,,56750,301,57051,30773,0.5423,Con
Blackley & Broughton,6260,18563,4861,894,2469,,,,,,,,,1157,34204,913,35117,18563,0.5427,Lab
Barking,8073,24628,3719,1300,6620,,317,,,,,,77,609,45343,417,45760,24628,0.5431,Lab
Twickenham,20343,4583,32483,868,654,,674,,,,,,,116,59721,443,60164,32483,0.5439,LD
Lichfield,28048,10230,10365,2920,,,,,,,,,,,51563,261,51824,28048,0.544,Con
Islington North,6339,24276,11875,716,,,1348,,,,,,,,44554,994,45548,24276,0.5449,Lab
Worcestershire Mid,27770,7613,11906,3049,,,593,,,,,,,,50931,436,51367,27770,0.5452,Con
Tatton,24687,7803,10200,,,,,,,,,,2243,298,45231,340,45571,24687,0.5458,Con
Hitchin & Harpenden,29869,7413,14598,1663,,,807,,,,,,159,198,54707,228,54935,29869,0.546,Con
Hayes & Harlington,12553,23377,3726,,1520,,348,,,,,,,1113,42637,586,43223,23377,0.5483,Lab
Sheffield Brightside & Hillsborough,4468,21400,7768,1596,3026,,,,,,,,,656,38914,522,39436,21400,0.5499,Lab
Hackney North & Stoke Newington,6759,25553,11092,,,,2133,,,,,,157,767,46461,1330,47791,25553,0.55,Lab
Devizes,25519,4711,12514,2076,,,813,,,,,,566,141,46340,195,46535,25519,0.5507,Con
Northamptonshire South,33081,10380,12603,2406,,,685,,,,,,,735,59890,813,60703,33081,0.5524,Con
Fareham,30037,7719,12945,2235,,,791,,,,,,,618,54345,322,54667,30037,0.5527,Con
Rhondda,1993,17183,3309,358,,,,,,5630,,,2599,,31072,499,31571,17183,0.553,Lab
Chichester,31427,5937,15550,3873,,,,,,,,,,,56787,350,57137,31427,0.5534,Con
Saffron Walden,30155,5288,14913,2228,1050,,735,,,,,,,,54369,352,54721,30155,0.5546,Con
Norfolk North,15928,2896,27554,2680,,,508,,,,,,95,,49661,337,49998,27554,0.5548,LD
Birmingham Ladywood,4277,19950,9845,902,,,859,,,,,,,,35833,862,36695,19950,0.5567,Lab
Yeovil,18807,2991,31843,2357,1162,,,,,,,,,,57160,597,57757,31843,0.5571,LD
Hackney South & Shoreditch,5800,23888,9600,651,,,1493,,,,,,141,1285,42858,1215,44073,23888,0.5574,Lab
Bedfordshire North East,30989,8957,12047,2294,1265,,,,,,,,,,55552,490,56042,30989,0.5578,Con
Runnymede & Weybridge,26915,6446,10406,3146,,,696,,,,,,541,,48150,216,48366,26915,0.559,Con
Inverclyde,4502,20993,5007,433,,6577,,,,,,,,,37512,263,37775,20993,0.5596,Lab
Devon South West,27908,6193,12034,3084,,,641,,,,,,,,49860,334,50194,27908,0.5597,Con
Romford,26031,9077,5572,2050,2438,,447,,,,,,263,603,46481,683,47164,26031,0.56,Con
Hertsmere,26476,8871,8210,1712,1397,,604,,,,,,,,47270,164,47434,26476,0.5601,Con
Croydon North,12466,28947,7226,891,,,1017,,,,,,111,1018,51676,370,52046,28947,0.5602,Lab
Henley,30054,5835,13466,1817,1020,,1328,,,,,,,,53520,310,53830,30054,0.5615,Con
Epsom & Ewell,30868,6538,14734,2549,,,,,,,,,,266,54955,496,55451,30868,0.5617,Con
Faversham & Kent Mid,26250,7748,9162,1722,,,890,,,,,,,940,46712,189,46901,26250,0.562,Con
Meon Valley,28818,3266,16693,1490,,,,,,,,,134,837,51238,221,51459,28818,0.5624,Con
Tunbridge Wells,28302,5448,12726,2054,704,,914,,,,,,172,,50320,492,50812,28302,0.5624,Con
Newbury,33057,2505,20809,1475,,,490,,,,,,158,95,58589,230,58819,33057,0.5642,Con
Christchurch,27888,4849,12478,4201,,,,,,,,,,,49416,435,49851,27888,0.5644,Con
Mitcham & Morden,11056,24722,5202,857,1386,,381,,,,,,193,,43797,801,44598,24722,0.5645,Lab
Daventry,29252,8168,10064,2333,,,770,,,,,,,1187,51774,289,52063,29252,0.565,Con
Wealden,31090,5266,13911,3319,,,1383,,,,,,,,54969,288,55257,31090,0.5656,Con
Bath,14768,3251,26651,890,,,1120,,,,,,56,350,47086,181,47267,26651,0.566,LD
Surrey East,31007,4925,14133,3770,,,,,,,,,383,422,54640,349,54989,31007,0.5675,Con
Hampshire East,29137,4043,15640,1477,,,,,,,,,,1020,51317,194,51511,29137,0.5678,Con
Sevenoaks,28076,6541,10561,1782,1384,,,,,,,,258,806,49408,807,50215,28076,0.5682,Con
Brentwood & Ongar,28793,4992,11872,2037,1447,,584,,,,,,263,604,50592,154,50746,28793,0.5691,Con
Welwyn Hatfield,27894,10471,8010,1643,,,796,,,,,,158,,48972,599,49571,27894,0.5696,Con
"Cumbernauld, Kilsyth & Kirkintilloch East",3407,23549,3924,,,9794,,,,,,,,476,41150,277,41427,23549,0.5723,Lab
"Ruislip, Northwood & Pinner",28866,9806,8345,1351,,,740,,,,,,,1097,50205,302,50507,28866,0.575,Con
Mole Valley,31263,3804,15610,2752,,,895,,,,,,,,54324,496,54820,31263,0.5755,Con
Surrey Heath,31326,5552,14037,3432,,,,,,,,,,,54347,136,54483,31326,0.5764,Con
Halton,8339,23843,5718,1228,1563,,647,,,,,,,,41338,374,41712,23843,0.5768,Lab
Arundel & South Downs,32333,4835,15642,3172,,,,,,,,,,,55982,386,56368,32333,0.5776,Con
Rayleigh & Wickford,30257,7577,7919,2211,2160,,,,,,,,,2219,52343,271,52614,30257,0.5781,Con
Beckenham,27597,6893,9813,1551,1001,,608,,,,,,,223,47686,327,48013,27597,0.5787,Con
Tonbridge & Malling,29723,6476,11545,1911,,,764,,,,,,,895,51314,249,51563,29723,0.5792,Con
Airdrie & Shotts,3133,20849,2898,,,8441,,,,,,,528,,35849,266,36115,20849,0.5816,Lab
Hampshire North West,31072,6980,12489,2751,,,,,,,,,,,53292,276,53568,31072,0.5831,Con
Surrey South West,33605,3419,17287,1486,644,,690,,,,,,,128,57259,191,57450,33605,0.5869,Con
Broxbourne,26844,8040,6107,1890,2159,,,,,,,,,618,45658,177,45835,26844,0.5879,Con
Witney,33973,7511,11233,2001,,,2385,,,,,,370,296,57769,258,58027,33973,0.5881,Con
New Forest West,27980,4666,11084,2783,,,1059,,,,,,,,47572,317,47889,27980,0.5882,Con
Esher & Walton,32134,5829,13541,1783,,,,,,,,,378,878,54543,313,54856,32134,0.5891,Con
Easington,4790,20579,5597,1631,2317,,,,,,,,,,34914,654,35568,20579,0.5894,Lab
South Holland & The Deepings,29639,7024,7759,3246,1796,,724,,,,,,,,50188,291,50479,29639,0.5906,Con
Camberwell & Peckham,6080,27619,10432,,,,1361,,,,,,180,987,46659,594,47253,27619,0.5919,Lab
Liverpool Riverside,4243,22998,8825,674,706,,1355,,,,,,,,38801,614,39415,22998,0.5927,Lab
Tottenham,6064,24128,7197,466,,,980,,,,,,268,1584,40687,516,41203,24128,0.593,Lab
Aldridge-Brownhills,22913,7647,6833,,,,847,,,,,,,394,38634,528,39162,22913,0.5931,Con
Maidenhead,31937,3795,15168,1243,825,,482,,,,,,,270,53720,341,54061,31937,0.5945,Con
Garston & Halewood,6908,25493,8616,1540,,,,,,,,,,268,42825,509,43334,25493,0.5953,Lab
Paisley & Renfrewshire South,3979,23842,3812,,,7228,,,,,,,762,375,39998,484,40482,23842,0.5961,Lab
Orpington,29200,4400,12000,1360,1241,,511,,,,,,,199,48911,293,49204,29200,0.597,Con
Maldon,28661,6070,9254,2446,1464,,,,,,,,,,47895,601,48496,28661,0.5984,Con
Westmorland & Lonsdale,18632,1158,30896,801,,,,,,,,,,,51487,459,51946,30896,0.6001,LD
Chesham & Amersham,31658,2942,14948,2129,,,767,,,,,,,,52444,340,52784,31658,0.6037,Con
Chelsea & Fulham,24093,7371,6473,478,388,,671,,,,,,,382,39856,600,40456,24093,0.6045,Con
Hampshire North East,32075,5173,13478,2213,,,,,,,,,,,52939,305,53244,32075,0.6059,Con
Rutherglen & Hamilton West,4540,28566,5636,675,,7564,,,,,,,,,46981,387,47368,28566,0.608,Lab
Windsor,30172,4910,11118,1612,950,,628,,,,,,198,,49588,264,49852,30172,0.6085,Con
Beaconsfield,32053,6135,10271,2597,,,768,,,,,,191,475,52490,324,52814,32053,0.6106,Con
Motherwell & Wishaw,3660,23910,3840,,,7104,,,,,,,,609,39123,284,39407,23910,0.6111,Lab
Dunbartonshire West,3242,25905,3434,683,,8497,,,,,,,,505,42266,373,42639,25905,0.6129,Lab
Glasgow East,1453,19797,1617,209,677,7957,,,,,,,,454,32164,253,32417,19797,0.6155,Lab
Orkney & Shetland,2032,2061,11989,1222,,2042,,,,,,,,,19346,120,19466,11989,0.6197,LD
Glenrothes,2922,25247,3108,425,,8799,,,,,,,,,40501,160,40661,25247,0.6234,Lab
Glasgow South West,2084,19863,2870,,841,5192,,,,,,,,931,31781,453,32234,19863,0.625,Lab
Birkenhead,6687,22082,6554,,,,,,,,,,,,35323,899,36222,22082,0.6251,Lab
West Ham,6888,29422,5392,766,,,645,,,,,,1422,2416,46951,1001,47952,29422,0.6267,Lab
Richmond (Yorks),33541,8150,10205,,,,1516,,,,,,,,53412,404,53816,33541,0.628,Con
Down North,,,,,,,1043,250,,,680,6817,21181,3510,33481,82,33563,21181,0.6326,Ind
Liverpool West Derby,3311,22953,4486,1093,,,,,,,,,,3941,35784,418,36202,22953,0.6414,Lab
Kirkcaldy & Cowdenbeath,4258,29559,4269,760,,6550,,,,,,,349,57,45802,179,45981,29559,0.6454,Lab
Bootle,3678,27426,6245,2514,942,,,,,,,,,472,41277,868,42145,27426,0.6644,Lab
"Coatbridge, Chryston & Bellshill",3374,27728,3519,,,7014,,,,,,,,,41635,388,42023,27728,0.666,Lab
Glasgow North East,1569,20100,2262,,798,4158,,,,,,,,522,29409,503,29912,20100,0.6835,Lab
East Ham,7645,35471,5849,,,,586,,,,,,,822,50373,1076,51449,35471,0.7042,Lab
Knowsley,4004,31650,5964,1145,1895,,,,,,,,,,44658,520,45178,31650,0.7087,Lab
Belfast West,,,,,,,,22840,2436,,5261,1000,,596,32133,581,32714,22840,0.7108,SF
Liverpool Walton,2241,24709,4891,898,1104,,,,,,,,,492,34335,624,34959,24709,0.7196,Lab
Votes %,0.3605,0.2899,0.2303,0.031,0.019,0.0166,0.0096,0.0058,0.0057,0.0056,0.0037,0.0034,0.0065,0.0124,1,,,,,
Seats,306,258,57,0,0,6,1,5,8,3,3,0,1,2,650,,,,,
Seats %,0.4708,0.3969,0.0877,0,0,0.0092,0.0015,0.0077,0.0123,0.0046,0.0046,0,0.0015,0.0031,1,,,,,
Party,Con,Lab,LD,UKIP,BNP,SNP,Green,SF,DUP,PC,SDLP,UCUNF,Ind,Others,,,,,,